Rank,ResID,Resname,Residue,category,probability
1,1436,ASP,ASP1436,Outer ring,0.8884
2,383,PHE,PHE383,Other,0.8116
3,1433,GLY,GLY1433,Other,0.6435
4,951,GLU,GLU951,Inner ring,0.4981
5,382,ASP,ASP382,Inner ring,0.4866
6,946,ARG,ARG946,Other,0.3338
7,329,GLY,GLY329,Other,0.2485
8,328,GLU,GLU328,Other,0.1995
9,385,GLU,GLU385,Outer ring,0.1944
10,1412,LYS,LYS1412,Other,0.1644
11,1432,LYS,LYS1432,Inner ring,0.1594
12,330,PHE,PHE330,Other,0.144
13,386,ASN,ASN386,Other,0.1408
14,954,GLU,GLU954,Outer ring,0.1362
15,1435,MET,MET1435,Other,0.1282
16,1727,ASP,ASP1727,Outer ring,0.0772
17,1725,GLY,GLY1725,Other,0.0437
18,1434,TRP,TRP1434,Other,0.0229
19,929,LEU,LEU929,Other,0.0227
20,927,CYS,CYS927,Other,0.0154
21,331,LEU,LEU331,Other,0.0137
22,384,TRP,TRP384,Other,0.0111
23,928,GLN,GLN928,Other,0.0091
24,1439,TYR,TYR1439,Other,0.0079
25,1375,HIS,HIS1375,Other,0.0062
26,1413,VAL,VAL1413,Other,0.0061
27,389,GLN,GLN389,Other,0.0059
28,1411,VAL,VAL1411,Other,0.0057
29,1726,TRP,TRP1726,Other,0.005
30,1723,SER,SER1723,Other,0.0044
