ResID,Resname,MeanProbability,StdProbability,Ring
386,GLU,0.98788,0.02413062369687115,Outer
1397,LYS,0.91716,0.10965734357533923,None
1421,ASP,0.8344799999999999,0.17014754479568606,Outer
384,TYR,0.78226,0.1883082260550505,None
1418,GLY,0.61778,0.2564297896111136,None
1398,VAL,0.60658,0.2145681639945684,None
918,ASP,0.45762,0.17611175997076403,None
1708,SER,0.42035999999999996,0.1377651189525128,None
1417,LYS,0.38774,0.21712205783844257,Inner
1688,ASP,0.1279,,None
1690,PHE,0.10675,0.0662559053971795,None
1412,GLN,0.0831,0.04976625362632796,None
1713,GLY,0.0757,,None
1683,GLU,0.0728,,None
1709,ALA,0.06272,0.061661552040148976,Inner
