ResID,Resname,Probability
250,VAL,0.0000
251,MET,0.0000
252,ILE,0.0000
253,LEU,0.0000
254,THR,0.0000
255,VAL,0.0000
256,PHE,0.0000
257,CYS,0.0000
258,LEU,0.0000
259,SER,0.0000
260,VAL,0.0000
261,PHE,0.0000
262,ALA,0.0000
263,LEU,0.0000
264,ILE,0.0000
265,GLY,0.0000
266,LEU,0.0000
267,GLN,0.0000
268,LEU,0.0000
269,PHE,0.0000
270,MET,0.0000
271,GLY,0.0000
272,ASN,0.0000
273,LEU,0.0000
274,ARG,0.0000
275,ASN,0.0000
276,LYS,0.0000
277,CYS,0.0000
278,ILE,0.0000
279,GLN,0.0000
280,TRP,0.0000
281,PRO,0.0000
282,PRO,0.0000
312,PHE,0.0000
313,ASP,0.0000
314,TRP,0.0000
315,LYS,0.0000
316,SER,0.0000
317,TYR,0.0000
318,ILE,0.0000
319,GLN,0.0000
320,ASP,0.0000
321,SER,0.0000
322,ARG,0.0000
323,TYR,0.0000
324,HIS,0.0000
325,TYR,0.0000
326,PHE,0.0000
327,LEU,0.0290
328,GLU,0.0802
329,GLY,0.3904
330,PHE,0.3792
331,LEU,0.1185
332,ASP,0.0000
333,ALA,0.0000
334,LEU,0.0013
335,LEU,0.0000
336,CYS,0.0000
337,GLY,0.0000
338,ASN,0.0000
339,SER,0.0000
340,SER,0.0000
341,ASP,0.0000
342,ALA,0.0000
343,GLY,0.0000
344,GLN,0.0000
345,CYS,0.0000
346,PRO,0.0000
347,GLU,0.0000
348,GLY,0.0000
349,TYR,0.0000
350,MET,0.0000
351,CYS,0.0000
352,VAL,0.0000
353,LYS,0.0000
354,ALA,0.0000
355,GLY,0.0000
356,ARG,0.0000
357,ASN,0.0000
358,PRO,0.0000
359,ASN,0.0000
360,TYR,0.0000
361,GLY,0.0000
362,TYR,0.0000
363,THR,0.0000
364,SER,0.0000
365,PHE,0.0000
366,ASP,0.0000
367,THR,0.0000
368,PHE,0.0000
369,SER,0.0000
370,TRP,0.0000
371,ALA,0.0000
372,PHE,0.0000
373,LEU,0.0000
374,SER,0.0000
375,LEU,0.0000
376,PHE,0.0000
377,ARG,0.0000
378,LEU,0.0000
379,MET,0.0000
380,THR,0.0000
381,GLN,0.0079
382,ASP,0.1013
383,PHE,0.9580
384,TRP,0.0287
385,GLU,0.7074
386,ASN,0.5143
387,LEU,0.0000
388,TYR,0.0000
389,GLN,0.0280
390,LEU,0.0000
391,THR,0.0000
392,LEU,0.0000
393,ARG,0.0000
394,ALA,0.0000
395,ALA,0.0000
396,GLY,0.0000
397,LYS,0.0000
398,THR,0.0000
399,TYR,0.0000
400,MET,0.0000
401,ILE,0.0000
402,PHE,0.0000
403,PHE,0.0000
404,VAL,0.0000
405,LEU,0.0000
406,VAL,0.0000
407,ILE,0.0000
408,PHE,0.0000
409,LEU,0.0000
410,GLY,0.0000
411,SER,0.0000
412,PHE,0.0000
413,TYR,0.0000
414,LEU,0.0000
415,ILE,0.0000
416,ASN,0.0000
417,LEU,0.0000
418,ILE,0.0000
419,LEU,0.0000
420,ALA,0.0000
897,LEU,0.0000
898,ALA,0.0000
899,ILE,0.0000
900,ILE,0.0000
901,VAL,0.0000
902,PHE,0.0000
903,ILE,0.0000
904,PHE,0.0000
905,ALA,0.0000
906,VAL,0.0000
907,VAL,0.0000
908,GLY,0.0000
909,MET,0.0000
910,GLN,0.0000
911,LEU,0.0000
912,PHE,0.0000
913,GLY,0.0000
914,LYS,0.0000
915,SER,0.0000
916,TYR,0.0000
917,LYS,0.0000
918,ASP,0.0000
919,CYS,0.0000
920,VAL,0.0000
921,CYS,0.0000
922,LYS,0.0000
923,ILE,0.0000
924,ALA,0.0000
925,SER,0.0000
926,ASP,0.0000
927,CYS,0.0000
928,GLN,0.0000
929,LEU,0.0000
930,PRO,0.0000
931,ARG,0.0001
932,TRP,0.0000
933,HIS,0.0000
934,MET,0.0000
935,ASN,0.0000
936,ASP,0.0000
937,PHE,0.0000
938,PHE,0.0000
939,HIS,0.0000
940,SER,0.0000
941,PHE,0.0000
942,LEU,0.0000
943,ILE,0.0000
944,VAL,0.0000
945,PHE,0.0000
946,ARG,0.1818
947,VAL,0.0000
948,LEU,0.0000
949,CYS,0.0000
950,GLY,0.0000
951,GLU,0.1708
952,TRP,0.0000
953,ILE,0.0000
954,GLU,0.5127
955,THR,0.0000
956,MET,0.0000
957,TRP,0.0001
958,ASP,0.0000
959,CYS,0.0000
960,MET,0.0000
961,GLU,0.0000
962,VAL,0.0000
963,ALA,0.0000
964,GLY,0.0000
965,GLN,0.0000
966,ALA,0.0000
967,MET,0.0000
968,CYS,0.0000
969,LEU,0.0000
970,THR,0.0000
971,VAL,0.0000
972,PHE,0.0000
973,MET,0.0000
974,MET,0.0000
975,VAL,0.0000
976,MET,0.0000
977,VAL,0.0000
978,ILE,0.0000
979,GLY,0.0000
980,ASN,0.0000
981,LEU,0.0000
982,VAL,0.0000
983,VAL,0.0000
984,LEU,0.0000
985,ASN,0.0000
986,LEU,0.0000
987,PHE,0.0000
988,LEU,0.0000
989,ALA,0.0000
990,LEU,0.0000
991,LEU,0.0000
992,LEU,0.0000
1347,ILE,0.0000
1348,MET,0.0000
1349,ASN,0.0000
1350,VAL,0.0000
1351,LEU,0.0000
1352,LEU,0.0000
1353,VAL,0.0000
1354,CYS,0.0000
1355,LEU,0.0000
1356,ILE,0.0000
1357,PHE,0.0000
1358,TRP,0.0000
1359,LEU,0.0000
1360,ILE,0.0000
1361,PHE,0.0000
1362,SER,0.0000
1363,ILE,0.0000
1364,MET,0.0000
1365,GLY,0.0000
1366,VAL,0.0000
1367,ASN,0.0000
1368,LEU,0.0000
1369,PHE,0.0000
1370,ALA,0.0000
1371,GLY,0.0000
1372,LYS,0.0000
1373,PHE,0.0000
1374,TYR,0.0000
1375,HIS,0.0000
1376,CYS,0.0000
1377,ILE,0.0000
1378,ASN,0.0000
1379,THR,0.0000
1380,THR,0.0000
1381,THR,0.0000
1382,GLY,0.0000
1383,ASP,0.0000
1384,ARG,0.0000
1385,PHE,0.0000
1386,ASP,0.0000
1387,ILE,0.0000
1388,GLU,0.0000
1389,ASP,0.0000
1390,VAL,0.0000
1391,ASN,0.0000
1392,ASN,0.0000
1393,HIS,0.0000
1394,THR,0.0000
1395,ASP,0.0000
1396,CYS,0.0000
1397,LEU,0.0000
1398,LYS,0.0000
1399,LEU,0.0000
1400,ILE,0.0000
1401,GLU,0.0000
1402,ARG,0.0000
1403,ASN,0.0000
1404,GLU,0.0000
1405,THR,0.0000
1406,ALA,0.0000
1407,ARG,0.0000
1408,TRP,0.0000
1409,LYS,0.0000
1410,ASN,0.0000
1411,VAL,0.0000
1412,LYS,0.5003
1413,VAL,0.0010
1414,ASN,0.0000
1415,PHE,0.0000
1416,ASP,0.0000
1417,ASN,0.0000
1418,VAL,0.0000
1419,GLY,0.0000
1420,PHE,0.0000
1421,GLY,0.0000
1422,TYR,0.0000
1423,LEU,0.0000
1424,SER,0.0000
1425,LEU,0.0000
1426,LEU,0.0000
1427,GLN,0.0251
1428,VAL,0.0000
1429,ALA,0.0000
1430,THR,0.0000
1431,PHE,0.0000
1432,LYS,0.2845
1433,GLY,0.3433
1434,TRP,0.0176
1435,MET,0.2051
1436,ASP,0.7617
1437,ILE,0.0000
1438,MET,0.0000
1439,TYR,0.0036
1440,ALA,0.0000
1441,ALA,0.0000
1442,VAL,0.0000
1443,ASP,0.0000
1444,SER,0.0000
1445,ARG,0.0000
1446,ASN,0.0000
1447,VAL,0.0000
1448,GLU,0.0000
1449,LEU,0.0000
1450,GLN,0.0000
1451,PRO,0.0000
1452,LYS,0.0000
1453,TYR,0.0000
1454,GLU,0.0000
1455,GLU,0.0000
1456,SER,0.0000
1457,LEU,0.0000
1458,TYR,0.0000
1459,MET,0.0000
1460,TYR,0.0000
1461,LEU,0.0000
1462,TYR,0.0000
1463,PHE,0.0000
1464,VAL,0.0000
1465,ILE,0.0000
1466,PHE,0.0000
1467,ILE,0.0000
1468,ILE,0.0000
1469,PHE,0.0000
1470,GLY,0.0000
1471,SER,0.0000
1472,PHE,0.0000
1473,PHE,0.0000
1474,THR,0.0000
1475,LEU,0.0000
1476,ASN,0.0000
1477,LEU,0.0000
1478,PHE,0.0000
1670,LEU,0.0000
1671,PHE,0.0000
1672,ASN,0.0000
1673,ILE,0.0000
1674,GLY,0.0000
1675,LEU,0.0000
1676,LEU,0.0000
1677,LEU,0.0000
1678,PHE,0.0000
1679,LEU,0.0000
1680,VAL,0.0000
1681,MET,0.0000
1682,PHE,0.0000
1683,ILE,0.0000
1684,TYR,0.0000
1685,ALA,0.0000
1686,ILE,0.0000
1687,PHE,0.0000
1688,GLY,0.0000
1689,MET,0.0000
1690,SER,0.0000
1691,ASN,0.0000
1692,PHE,0.0000
1693,ALA,0.0000
1694,TYR,0.0000
1695,VAL,0.0000
1696,LYS,0.0000
1697,ARG,0.0000
1698,GLU,0.0000
1699,VAL,0.0000
1700,GLY,0.0000
1701,ILE,0.0000
1702,ASP,0.0000
1703,ASP,0.0000
1704,MET,0.0000
1705,PHE,0.0000
1706,ASN,0.0000
1707,PHE,0.0000
1708,GLU,0.0000
1709,THR,0.0000
1710,PHE,0.0000
1711,GLY,0.0000
1712,ASN,0.0000
1713,SER,0.0000
1714,MET,0.0000
1715,ILE,0.0000
1716,CYS,0.0000
1717,LEU,0.0000
1718,PHE,0.0000
1719,GLN,0.0000
1720,ILE,0.0000
1721,THR,0.0000
1722,THR,0.0000
1723,SER,0.0000
1724,ALA,0.0000
1725,GLY,0.0000
1726,TRP,0.0000
1727,ASP,0.1539
1728,GLY,0.0000
1729,LEU,0.0000
1730,LEU,0.0000
1731,ALA,0.0000
1732,PRO,0.0000
1733,ILE,0.0000
1734,LEU,0.0000
1735,ASN,0.0000
1736,SER,0.0000
1737,LYS,0.0000
1738,PRO,0.0000
1739,PRO,0.0000
1740,ASP,0.0000
1741,CYS,0.0000
1742,ASP,0.0000
1743,PRO,0.0000
1744,ASN,0.0000
1745,LYS,0.0000
1746,VAL,0.0000
1747,ASN,0.0000
1748,PRO,0.0000
1749,GLY,0.0000
1750,SER,0.0000
1751,SER,0.0000
1752,VAL,0.0000
1753,LYS,0.0000
1754,GLY,0.0000
1755,ASP,0.0000
1756,CYS,0.0000
1757,GLY,0.0000
1758,ASN,0.0000
1759,PRO,0.0000
1760,SER,0.0000
1761,VAL,0.0000
1762,GLY,0.0000
1763,ILE,0.0000
1764,PHE,0.0000
1765,PHE,0.0000
1766,PHE,0.0000
1767,VAL,0.0000
1768,SER,0.0000
1769,TYR,0.0000
1770,ILE,0.0000
1771,ILE,0.0000
1772,ILE,0.0000
1773,SER,0.0000
1774,PHE,0.0000
1775,LEU,0.0000
1776,VAL,0.0000
1777,VAL,0.0000
1778,VAL,0.0000
1779,ASN,0.0000
1780,MET,0.0000
1781,TYR,0.0000
1782,ILE,0.0000
1783,ALA,0.0000
