Rank,ResID,Resname,Residue,category,mean_probability,std_probability
1,387,GLU,E387,Outer ring,0.79516,0.1953619922093343
2,385,PHE,F385,Other,0.44692,0.3185967780753597
3,945,GLU,E945,Outer ring,0.40332,0.3577065165746915
4,1715,GLY,G1715,Other,0.36628,0.3032150095229456
5,1426,ASP,D1426,Outer ring,0.34588,0.2874296905331807
6,1717,ASP,D1717,Outer ring,0.34436,0.3843202935053001
7,942,GLU,E942,Inner ring,0.33516,0.3320879145648032
8,388,ASN,N388,Other,0.26016000000000006,0.1869751935418172
9,1422,LYS,K1422,Inner ring,0.23773999999999998,0.31716108367831003
10,1689,VAL,V1689,Other,0.22946,0.3851713878262506
11,1690,GLY,G1690,Other,0.20181999999999997,0.3210624347381674
12,1423,GLY,G1423,Other,0.18786,0.1993774761601721
13,1402,LYS,K1402,Other,0.18746000000000002,0.2335125863845459
14,1718,GLY,G1718,Other,0.18530000000000002,0.3867132658702052
15,937,ARG,R937,Other,0.18170000000000003,0.1507877315964399
16,1373,GLU,E1373,Other,0.15677999999999997,0.2040337766155398
17,391,GLN,Q391,Other,0.12533999999999998,0.13371870848912654
18,1713,SER,S1713,Other,0.11086,0.20970738661287064
19,1714,ALA,A1714,Inner ring,0.08546,0.13163275808095792
20,1421,PHE,F1421,Other,0.07842,0.16631308427180347
21,1372,GLY,G1372,Other,0.07549999999999998,0.09074695587180873
22,332,GLN,Q332,Other,0.06654,0.05129208515940837
23,384,ASP,D384,Inner ring,0.0621,0.08371717267084454
24,386,TRP,W386,Other,0.049060000000000006,0.05033590170047617
25,331,GLY,G331,Other,0.04512,0.05802031540762252
26,1692,ASP,D1692,Other,0.04429999999999999,0.08251966432311754
27,1695,PHE,F1695,Other,0.04268,0.05902649405140035
28,1374,MET,M1374,Other,0.04192,0.07824427774604349
29,1367,ILE,I1367,Other,0.03658,0.07756263275572844
30,333,ASN,N333,Other,0.03306,0.034670347560992236
31,1371,THR,T1371,Other,0.03034,0.06473085045015245
32,1429,TYR,Y1429,Other,0.026659999999999996,0.05877748718684731
33,362,TYR,Y362,Other,0.02162,0.04034602830515043
34,1399,LYS,K1399,Other,0.018940000000000002,0.033911620427222296
35,922,ARG,R922,Other,0.016739999999999998,0.024763036970452554
36,361,ASN,N361,Other,0.015,0.01476465373789714
37,1425,MET,M1425,Other,0.013239999999999998,0.022611567835955117
38,1369,TYR,Y1369,Other,0.0123,0.02213345883498555
39,948,TRP,W948,Other,0.011359999999999999,0.01579566396198653
40,330,GLU,E330,Other,0.01104,0.022131267473870536
41,1370,THR,T1370,Other,0.00534,0.011773189882100773
42,921,PRO,P921,Other,0.00492,0.011001454449298965
43,1709,GLN,Q1709,Other,0.00446,0.009972863179649063
44,1401,VAL,V1401,Other,0.004399999999999999,0.009838699100999073
45,949,ASP,D949,Other,0.00388,0.00839922615483117
46,1719,LEU,L1719,Other,0.0030800000000000003,0.006775470463370053
47,1716,TRP,W1716,Other,0.00292,0.004035715549936591
48,1376,ASP,D1376,Other,0.0025399999999999997,0.0037680233544923787
49,364,TYR,Y364,Other,0.0025,0.0034756294393965535
50,914,ILE,I914,Other,0.00162,0.0036224301235496595
51,390,TYR,Y390,Other,0.0015800000000000002,0.0035329874044496682
52,1691,ILE,I1691,Other,0.0012400000000000002,0.002717167642969421
53,1375,PHE,F1375,Other,0.0008200000000000001,0.0018335757415498279
54,383,GLN,Q383,Other,0.00062,0.0010256705123966468
55,952,GLU,E952,Other,0.00056,0.001252198067399882
56,329,LEU,L329,Other,0.00047999999999999996,0.0004919349550499538
57,334,ASP,D334,Other,0.00044,0.0005727128425310541
58,1417,GLN,Q1417,Other,0.00044,0.0006655824516917494
59,395,ARG,R395,Other,0.00044,0.0008763560920082658
60,915,SER,S915,Other,0.00041999999999999996,0.0009391485505499117
61,907,TYR,Y907,Other,0.00017999999999999998,0.0004024922359499621
62,916,ASN,N916,Other,0.00016,0.0003577708763999664
63,1397,ARG,R1397,Other,0.00014,0.0002607680962081059
64,919,GLU,E919,Other,0.0001,0.00022360679774997898
65,1424,TRP,W1424,Other,8e-05,0.0001788854381999832
66,920,LEU,L920,Other,5.9999999999999995e-05,0.00013416407864998739
67,1377,VAL,V1377,Other,4e-05,8.94427190999916e-05
68,917,ASP,D917,Other,2e-05,4.47213595499958e-05
69,1688,GLU,E1688,Other,2e-05,4.47213595499958e-05
70,1368,ASN,N1368,Other,2e-05,4.47213595499958e-05
71,317,ASP,D317,Other,0.0,0.0
72,318,GLU,E318,Other,0.0,0.0
73,319,TYR,Y319,Other,0.0,0.0
74,320,ILE,I320,Other,0.0,0.0
75,321,GLU,E321,Other,0.0,0.0
76,322,ASP,D322,Other,0.0,0.0
77,323,LYS,K323,Other,0.0,0.0
78,324,SER,S324,Other,0.0,0.0
79,325,HIS,H325,Other,0.0,0.0
80,326,PHE,F326,Other,0.0,0.0
81,327,TYR,Y327,Other,0.0,0.0
82,328,PHE,F328,Other,0.0,0.0
83,335,ALA,A335,Other,0.0,0.0
84,336,LEU,L336,Other,0.0,0.0
85,337,LEU,L337,Other,0.0,0.0
86,338,CYS,C338,Other,0.0,0.0
87,339,GLY,G339,Other,0.0,0.0
88,340,ASN,N340,Other,0.0,0.0
89,341,SER,S341,Other,0.0,0.0
90,342,SER,S342,Other,0.0,0.0
91,343,ASP,D343,Other,0.0,0.0
92,344,ALA,A344,Other,0.0,0.0
93,345,GLY,G345,Other,0.0,0.0
94,346,GLN,Q346,Other,0.0,0.0
95,347,CYS,C347,Other,0.0,0.0
96,348,PRO,P348,Other,0.0,0.0
97,349,GLU,E349,Other,0.0,0.0
98,350,GLY,G350,Other,0.0,0.0
99,351,TYR,Y351,Other,0.0,0.0
100,352,ILE,I352,Other,0.0,0.0
101,353,CYS,C353,Other,0.0,0.0
102,354,VAL,V354,Other,0.0,0.0
103,355,LYS,K355,Other,0.0,0.0
104,356,ALA,A356,Other,0.0,0.0
105,357,GLY,G357,Other,0.0,0.0
106,358,ARG,R358,Other,0.0,0.0
107,359,ASN,N359,Other,0.0,0.0
108,360,PRO,P360,Other,0.0,0.0
109,363,GLY,G363,Other,0.0,0.0
110,365,THR,T365,Other,0.0,0.0
111,366,SER,S366,Other,0.0,0.0
112,367,PHE,F367,Other,0.0,0.0
113,368,ASP,D368,Other,0.0,0.0
114,369,THR,T369,Other,0.0,0.0
115,370,PHE,F370,Other,0.0,0.0
116,371,SER,S371,Other,0.0,0.0
117,372,TRP,W372,Other,0.0,0.0
118,373,ALA,A373,Other,0.0,0.0
119,374,PHE,F374,Other,0.0,0.0
120,375,LEU,L375,Other,0.0,0.0
121,376,SER,S376,Other,0.0,0.0
122,377,LEU,L377,Other,0.0,0.0
123,378,PHE,F378,Other,0.0,0.0
124,379,ARG,R379,Other,0.0,0.0
125,380,LEU,L380,Other,0.0,0.0
126,381,MET,M381,Other,0.0,0.0
127,382,THR,T382,Other,0.0,0.0
128,389,LEU,L389,Other,0.0,0.0
129,392,LEU,L392,Other,0.0,0.0
130,393,THR,T393,Other,0.0,0.0
131,394,LEU,L394,Other,0.0,0.0
132,396,ALA,A396,Other,0.0,0.0
133,397,ALA,A397,Other,0.0,0.0
134,398,GLY,G398,Other,0.0,0.0
135,399,LYS,K399,Other,0.0,0.0
136,400,THR,T400,Other,0.0,0.0
137,401,TYR,Y401,Other,0.0,0.0
138,402,MET,M402,Other,0.0,0.0
139,403,ILE,I403,Other,0.0,0.0
140,404,PHE,F404,Other,0.0,0.0
141,405,PHE,F405,Other,0.0,0.0
142,406,VAL,V406,Other,0.0,0.0
143,407,LEU,L407,Other,0.0,0.0
144,408,VAL,V408,Other,0.0,0.0
145,409,ILE,I409,Other,0.0,0.0
146,410,PHE,F410,Other,0.0,0.0
147,411,LEU,L411,Other,0.0,0.0
148,412,GLY,G412,Other,0.0,0.0
149,413,SER,S413,Other,0.0,0.0
150,414,PHE,F414,Other,0.0,0.0
151,415,TYR,Y415,Other,0.0,0.0
152,416,LEU,L416,Other,0.0,0.0
153,417,ILE,I417,Other,0.0,0.0
154,418,ASN,N418,Other,0.0,0.0
155,419,LEU,L419,Other,0.0,0.0
156,420,ILE,I420,Other,0.0,0.0
157,421,LEU,L421,Other,0.0,0.0
158,422,ALA,A422,Other,0.0,0.0
159,888,LEU,L888,Other,0.0,0.0
160,889,ALA,A889,Other,0.0,0.0
161,890,ILE,I890,Other,0.0,0.0
162,891,ILE,I891,Other,0.0,0.0
163,892,VAL,V892,Other,0.0,0.0
164,893,PHE,F893,Other,0.0,0.0
165,894,ILE,I894,Other,0.0,0.0
166,895,PHE,F895,Other,0.0,0.0
167,896,ALA,A896,Other,0.0,0.0
168,897,VAL,V897,Other,0.0,0.0
169,898,VAL,V898,Other,0.0,0.0
170,899,GLY,G899,Other,0.0,0.0
171,900,MET,M900,Other,0.0,0.0
172,901,GLN,Q901,Other,0.0,0.0
173,902,LEU,L902,Other,0.0,0.0
174,903,PHE,F903,Other,0.0,0.0
175,904,GLY,G904,Other,0.0,0.0
176,905,LYS,K905,Other,0.0,0.0
177,906,SER,S906,Other,0.0,0.0
178,908,LYS,K908,Other,0.0,0.0
179,909,GLU,E909,Other,0.0,0.0
180,910,CYS,C910,Other,0.0,0.0
181,911,VAL,V911,Other,0.0,0.0
182,912,CYS,C912,Other,0.0,0.0
183,913,LYS,K913,Other,0.0,0.0
184,918,CYS,C918,Other,0.0,0.0
185,923,TRP,W923,Other,0.0,0.0
186,924,HIS,H924,Other,0.0,0.0
187,925,MET,M925,Other,0.0,0.0
188,926,HIS,H926,Other,0.0,0.0
189,927,ASP,D927,Other,0.0,0.0
190,928,PHE,F928,Other,0.0,0.0
191,929,PHE,F929,Other,0.0,0.0
192,930,HIS,H930,Other,0.0,0.0
193,931,SER,S931,Other,0.0,0.0
194,932,PHE,F932,Other,0.0,0.0
195,933,LEU,L933,Other,0.0,0.0
196,934,ILE,I934,Other,0.0,0.0
197,935,VAL,V935,Other,0.0,0.0
198,936,PHE,F936,Other,0.0,0.0
199,938,VAL,V938,Other,0.0,0.0
200,939,LEU,L939,Other,0.0,0.0
201,940,CYS,C940,Other,0.0,0.0
202,941,GLY,G941,Other,0.0,0.0
203,943,TRP,W943,Other,0.0,0.0
204,944,ILE,I944,Other,0.0,0.0
205,946,THR,T946,Other,0.0,0.0
206,947,MET,M947,Other,0.0,0.0
207,950,CYS,C950,Other,0.0,0.0
208,951,MET,M951,Other,0.0,0.0
209,953,VAL,V953,Other,0.0,0.0
210,954,ALA,A954,Other,0.0,0.0
211,955,GLY,G955,Other,0.0,0.0
212,956,GLN,Q956,Other,0.0,0.0
213,957,THR,T957,Other,0.0,0.0
214,958,MET,M958,Other,0.0,0.0
215,959,CYS,C959,Other,0.0,0.0
216,960,LEU,L960,Other,0.0,0.0
217,961,THR,T961,Other,0.0,0.0
218,962,VAL,V962,Other,0.0,0.0
219,963,PHE,F963,Other,0.0,0.0
220,964,MET,M964,Other,0.0,0.0
221,965,MET,M965,Other,0.0,0.0
222,966,VAL,V966,Other,0.0,0.0
223,967,MET,M967,Other,0.0,0.0
224,968,VAL,V968,Other,0.0,0.0
225,969,ILE,I969,Other,0.0,0.0
226,970,GLY,G970,Other,0.0,0.0
227,971,ASN,N971,Other,0.0,0.0
228,972,LEU,L972,Other,0.0,0.0
229,973,VAL,V973,Other,0.0,0.0
230,974,VAL,V974,Other,0.0,0.0
231,975,LEU,L975,Other,0.0,0.0
232,976,ASN,N976,Other,0.0,0.0
233,977,LEU,L977,Other,0.0,0.0
234,978,PHE,F978,Other,0.0,0.0
235,979,LEU,L979,Other,0.0,0.0
236,980,ALA,A980,Other,0.0,0.0
237,981,LEU,L981,Other,0.0,0.0
238,982,LEU,L982,Other,0.0,0.0
239,983,LEU,L983,Other,0.0,0.0
240,1337,ILE,I1337,Other,0.0,0.0
241,1338,MET,M1338,Other,0.0,0.0
242,1339,ASN,N1339,Other,0.0,0.0
243,1340,VAL,V1340,Other,0.0,0.0
244,1341,LEU,L1341,Other,0.0,0.0
245,1342,LEU,L1342,Other,0.0,0.0
246,1343,VAL,V1343,Other,0.0,0.0
247,1344,CYS,C1344,Other,0.0,0.0
248,1345,LEU,L1345,Other,0.0,0.0
249,1346,ILE,I1346,Other,0.0,0.0
250,1347,PHE,F1347,Other,0.0,0.0
251,1348,TRP,W1348,Other,0.0,0.0
252,1349,LEU,L1349,Other,0.0,0.0
253,1350,ILE,I1350,Other,0.0,0.0
254,1351,PHE,F1351,Other,0.0,0.0
255,1352,SER,S1352,Other,0.0,0.0
256,1353,ILE,I1353,Other,0.0,0.0
257,1354,MET,M1354,Other,0.0,0.0
258,1355,GLY,G1355,Other,0.0,0.0
259,1356,VAL,V1356,Other,0.0,0.0
260,1357,ASN,N1357,Other,0.0,0.0
261,1358,LEU,L1358,Other,0.0,0.0
262,1359,PHE,F1359,Other,0.0,0.0
263,1360,ALA,A1360,Other,0.0,0.0
264,1361,GLY,G1361,Other,0.0,0.0
265,1362,LYS,K1362,Other,0.0,0.0
266,1363,PHE,F1363,Other,0.0,0.0
267,1364,TYR,Y1364,Other,0.0,0.0
268,1365,HIS,H1365,Other,0.0,0.0
269,1366,CYS,C1366,Other,0.0,0.0
270,271,MET,M271,Other,0.0,0.0
271,1758,SER,S1758,Other,0.0,0.0
272,1757,VAL,V1757,Other,0.0,0.0
273,256,VAL,V256,Other,0.0,0.0
274,1773,ALA,A1773,Other,0.0,0.0
275,255,THR,T255,Other,0.0,0.0
276,1743,LYS,K1743,Other,0.0,0.0
277,1744,GLY,G1744,Other,0.0,0.0
278,1745,ASP,D1745,Other,0.0,0.0
279,1746,CYS,C1746,Other,0.0,0.0
280,1747,GLY,G1747,Other,0.0,0.0
281,1378,SER,S1378,Other,0.0,0.0
282,1379,VAL,V1379,Other,0.0,0.0
283,1380,VAL,V1380,Other,0.0,0.0
284,1381,ASN,N1381,Other,0.0,0.0
285,1382,ASN,N1382,Other,0.0,0.0
286,1383,TYR,Y1383,Other,0.0,0.0
287,1384,SER,S1384,Other,0.0,0.0
288,1385,GLU,E1385,Other,0.0,0.0
289,1386,CYS,C1386,Other,0.0,0.0
290,1387,LYS,K1387,Other,0.0,0.0
291,1388,ALA,A1388,Other,0.0,0.0
292,1389,LEU,L1389,Other,0.0,0.0
293,1390,ILE,I1390,Other,0.0,0.0
294,1391,GLU,E1391,Other,0.0,0.0
295,1392,SER,S1392,Other,0.0,0.0
296,1393,ASN,N1393,Other,0.0,0.0
297,1394,GLN,Q1394,Other,0.0,0.0
298,1395,THR,T1395,Other,0.0,0.0
299,1396,ALA,A1396,Other,0.0,0.0
300,1748,ASN,N1748,Other,0.0,0.0
301,1398,TRP,W1398,Other,0.0,0.0
302,1749,PRO,P1749,Other,0.0,0.0
303,1400,ASN,N1400,Other,0.0,0.0
304,1750,SER,S1750,Other,0.0,0.0
305,1751,VAL,V1751,Other,0.0,0.0
306,1403,VAL,V1403,Other,0.0,0.0
307,1404,ASN,N1404,Other,0.0,0.0
308,1405,PHE,F1405,Other,0.0,0.0
309,1406,ASP,D1406,Other,0.0,0.0
310,1407,ASN,N1407,Other,0.0,0.0
311,1408,VAL,V1408,Other,0.0,0.0
312,1409,GLY,G1409,Other,0.0,0.0
313,1410,LEU,L1410,Other,0.0,0.0
314,1411,GLY,G1411,Other,0.0,0.0
315,1412,TYR,Y1412,Other,0.0,0.0
316,1413,LEU,L1413,Other,0.0,0.0
317,1414,SER,S1414,Other,0.0,0.0
318,1415,LEU,L1415,Other,0.0,0.0
319,1416,LEU,L1416,Other,0.0,0.0
320,1752,GLY,G1752,Other,0.0,0.0
321,1418,VAL,V1418,Other,0.0,0.0
322,1419,ALA,A1419,Other,0.0,0.0
323,1420,THR,T1420,Other,0.0,0.0
324,1753,ILE,I1753,Other,0.0,0.0
325,1754,PHE,F1754,Other,0.0,0.0
326,1755,PHE,F1755,Other,0.0,0.0
327,1756,PHE,F1756,Other,0.0,0.0
328,252,MET,M252,Other,0.0,0.0
329,272,GLY,G272,Other,0.0,0.0
330,1427,ILE,I1427,Other,0.0,0.0
331,1428,MET,M1428,Other,0.0,0.0
332,273,ASN,N273,Other,0.0,0.0
333,1430,ALA,A1430,Other,0.0,0.0
334,1431,ALA,A1431,Other,0.0,0.0
335,1432,VAL,V1432,Other,0.0,0.0
336,1433,ASP,D1433,Other,0.0,0.0
337,1434,SER,S1434,Other,0.0,0.0
338,1435,ARG,R1435,Other,0.0,0.0
339,1436,ASN,N1436,Other,0.0,0.0
340,1437,VAL,V1437,Other,0.0,0.0
341,1438,GLU,E1438,Other,0.0,0.0
342,1439,LEU,L1439,Other,0.0,0.0
343,1440,GLN,Q1440,Other,0.0,0.0
344,1441,PRO,P1441,Other,0.0,0.0
345,1442,LYS,K1442,Other,0.0,0.0
346,1443,TYR,Y1443,Other,0.0,0.0
347,1444,GLU,E1444,Other,0.0,0.0
348,1445,ASP,D1445,Other,0.0,0.0
349,1446,ASN,N1446,Other,0.0,0.0
350,1447,LEU,L1447,Other,0.0,0.0
351,1448,TYR,Y1448,Other,0.0,0.0
352,1449,MET,M1449,Other,0.0,0.0
353,1450,TYR,Y1450,Other,0.0,0.0
354,1451,LEU,L1451,Other,0.0,0.0
355,1452,TYR,Y1452,Other,0.0,0.0
356,1453,PHE,F1453,Other,0.0,0.0
357,1454,VAL,V1454,Other,0.0,0.0
358,1455,ILE,I1455,Other,0.0,0.0
359,1456,PHE,F1456,Other,0.0,0.0
360,1457,ILE,I1457,Other,0.0,0.0
361,1458,ILE,I1458,Other,0.0,0.0
362,1459,PHE,F1459,Other,0.0,0.0
363,1460,GLY,G1460,Other,0.0,0.0
364,1461,SER,S1461,Other,0.0,0.0
365,274,LEU,L274,Other,0.0,0.0
366,1463,PHE,F1463,Other,0.0,0.0
367,1464,THR,T1464,Other,0.0,0.0
368,1465,LEU,L1465,Other,0.0,0.0
369,1466,ASN,N1466,Other,0.0,0.0
370,1467,LEU,L1467,Other,0.0,0.0
371,1468,PHE,F1468,Other,0.0,0.0
372,1660,LEU,L1660,Other,0.0,0.0
373,1661,PHE,F1661,Other,0.0,0.0
374,1662,ASN,N1662,Other,0.0,0.0
375,1663,ILE,I1663,Other,0.0,0.0
376,1664,GLY,G1664,Other,0.0,0.0
377,1665,LEU,L1665,Other,0.0,0.0
378,1666,LEU,L1666,Other,0.0,0.0
379,1667,LEU,L1667,Other,0.0,0.0
380,1668,PHE,F1668,Other,0.0,0.0
381,1669,LEU,L1669,Other,0.0,0.0
382,1670,VAL,V1670,Other,0.0,0.0
383,1671,MET,M1671,Other,0.0,0.0
384,1672,PHE,F1672,Other,0.0,0.0
385,1673,ILE,I1673,Other,0.0,0.0
386,1674,TYR,Y1674,Other,0.0,0.0
387,1675,ALA,A1675,Other,0.0,0.0
388,1676,ILE,I1676,Other,0.0,0.0
389,1677,PHE,F1677,Other,0.0,0.0
390,1678,GLY,G1678,Other,0.0,0.0
391,1679,MET,M1679,Other,0.0,0.0
392,1680,SER,S1680,Other,0.0,0.0
393,1681,ASN,N1681,Other,0.0,0.0
394,1682,PHE,F1682,Other,0.0,0.0
395,1683,ALA,A1683,Other,0.0,0.0
396,1684,TYR,Y1684,Other,0.0,0.0
397,1685,VAL,V1685,Other,0.0,0.0
398,1686,LYS,K1686,Other,0.0,0.0
399,1687,ARG,R1687,Other,0.0,0.0
400,275,ARG,R275,Other,0.0,0.0
401,276,ASN,N276,Other,0.0,0.0
402,277,LYS,K277,Other,0.0,0.0
403,278,CYS,C278,Other,0.0,0.0
404,279,LEU,L279,Other,0.0,0.0
405,1693,ASP,D1693,Other,0.0,0.0
406,1694,MET,M1694,Other,0.0,0.0
407,280,GLN,Q280,Other,0.0,0.0
408,1696,ASN,N1696,Other,0.0,0.0
409,1697,PHE,F1697,Other,0.0,0.0
410,1698,GLU,E1698,Other,0.0,0.0
411,1699,THR,T1699,Other,0.0,0.0
412,1700,PHE,F1700,Other,0.0,0.0
413,1701,GLY,G1701,Other,0.0,0.0
414,1702,ASN,N1702,Other,0.0,0.0
415,1703,SER,S1703,Other,0.0,0.0
416,1704,MET,M1704,Other,0.0,0.0
417,1705,ILE,I1705,Other,0.0,0.0
418,1706,CYS,C1706,Other,0.0,0.0
419,1707,LEU,L1707,Other,0.0,0.0
420,1708,PHE,F1708,Other,0.0,0.0
421,281,TRP,W281,Other,0.0,0.0
422,1710,ILE,I1710,Other,0.0,0.0
423,1711,THR,T1711,Other,0.0,0.0
424,1712,THR,T1712,Other,0.0,0.0
425,1462,PHE,F1462,Other,0.0,0.0
426,282,PRO,P282,Other,0.0,0.0
427,283,PRO,P283,Other,0.0,0.0
428,284,ASP,D284,Other,0.0,0.0
429,314,PHE,F314,Other,0.0,0.0
430,315,ASN,N315,Other,0.0,0.0
431,316,TRP,W316,Other,0.0,0.0
432,1720,LEU,L1720,Other,0.0,0.0
433,1721,ALA,A1721,Other,0.0,0.0
434,1722,PRO,P1722,Other,0.0,0.0
435,1723,ILE,I1723,Other,0.0,0.0
436,1724,LEU,L1724,Other,0.0,0.0
437,1725,ASN,N1725,Other,0.0,0.0
438,1726,SER,S1726,Other,0.0,0.0
439,1727,GLY,G1727,Other,0.0,0.0
440,1728,PRO,P1728,Other,0.0,0.0
441,1729,PRO,P1729,Other,0.0,0.0
442,1730,ASP,D1730,Other,0.0,0.0
443,1731,CYS,C1731,Other,0.0,0.0
444,1732,ASP,D1732,Other,0.0,0.0
445,1733,PRO,P1733,Other,0.0,0.0
446,1734,ASP,D1734,Other,0.0,0.0
447,1735,LYS,K1735,Other,0.0,0.0
448,1736,ASP,D1736,Other,0.0,0.0
449,1737,HIS,H1737,Other,0.0,0.0
450,1738,PRO,P1738,Other,0.0,0.0
451,1739,GLY,G1739,Other,0.0,0.0
452,1740,SER,S1740,Other,0.0,0.0
453,1741,SER,S1741,Other,0.0,0.0
454,251,VAL,V251,Other,0.0,0.0
455,1759,TYR,Y1759,Other,0.0,0.0
456,1760,ILE,I1760,Other,0.0,0.0
457,1761,ILE,I1761,Other,0.0,0.0
458,1762,ILE,I1762,Other,0.0,0.0
459,1763,SER,S1763,Other,0.0,0.0
460,1764,PHE,F1764,Other,0.0,0.0
461,1765,LEU,L1765,Other,0.0,0.0
462,1766,VAL,V1766,Other,0.0,0.0
463,1767,VAL,V1767,Other,0.0,0.0
464,1768,VAL,V1768,Other,0.0,0.0
465,1769,ASN,N1769,Other,0.0,0.0
466,1770,MET,M1770,Other,0.0,0.0
467,1771,TYR,Y1771,Other,0.0,0.0
468,1772,ILE,I1772,Other,0.0,0.0
469,254,LEU,L254,Other,0.0,0.0
470,253,ILE,I253,Other,0.0,0.0
471,257,PHE,F257,Other,0.0,0.0
472,258,CYS,C258,Other,0.0,0.0
473,259,LEU,L259,Other,0.0,0.0
474,260,SER,S260,Other,0.0,0.0
475,261,VAL,V261,Other,0.0,0.0
476,262,PHE,F262,Other,0.0,0.0
477,263,ALA,A263,Other,0.0,0.0
478,264,LEU,L264,Other,0.0,0.0
479,265,ILE,I265,Other,0.0,0.0
480,266,GLY,G266,Other,0.0,0.0
481,267,LEU,L267,Other,0.0,0.0
482,268,GLN,Q268,Other,0.0,0.0
483,269,LEU,L269,Other,0.0,0.0
484,270,PHE,F270,Other,0.0,0.0
485,1742,VAL,V1742,Other,0.0,0.0
